code;support;lien
flyer;Flyer particuliers;https://hayeva.fr/rdv?src=flyer
carte-visite;Carte de visite;https://hayeva.fr/?src=carte-visite
vehicule;Véhicule (covering);https://hayeva.fr/rdv?src=vehicule
affiche;Affiche / vitrine;https://hayeva.fr/rdv?src=affiche
autocollant-equipement;Autocollant sur équipement entretenu;https://hayeva.fr/rdv?src=autocollant-equipement
flyer-pro;Flyer professionnels / conciergeries;https://hayeva.fr/?src=flyer-pro#/professionnel
camping;Plaquette campings;https://hayeva.fr/?src=camping#/professionnel
syndic;Plaquette syndics;https://hayeva.fr/?src=syndic#/professionnel
parrainage;Support parrainage (code saisi à la réservation);https://hayeva.fr/rdv?src=parrainage
